--
-- PostgreSQL database cluster dump
--

-- Started on 2024-12-09 11:33:42

SET default_transaction_read_only = off;

SET client_encoding = 'UTF8';
SET standard_conforming_strings = on;

--
-- Roles
--

CREATE ROLE administrador;
ALTER ROLE administrador WITH SUPERUSER INHERIT CREATEROLE CREATEDB LOGIN NOREPLICATION BYPASSRLS PASSWORD 'SCRAM-SHA-256$4096:mkaV1WMPMxnIIUsg5yknFQ==$H0wGj5dIVp9D5kETIxVaTM3mGFKo+98kNeJT+7dJPcw=:BRFLzhc/1JAx8X0UjxhKa7UTCrF+DuUIx13YtQpn0S0=';
CREATE ROLE postgres;
ALTER ROLE postgres WITH SUPERUSER INHERIT CREATEROLE CREATEDB LOGIN REPLICATION BYPASSRLS PASSWORD 'SCRAM-SHA-256$4096:r/RDZ4uLEBfc3lvxhr7SzQ==$wt5pu3LYqPACkCWpA78ipgtzoNbOS+GzMMscZqk/2t4=:PwaDMbpYGdk6jpZU6aE00WngseKu2QW0DkslRazMUhw=';

--
-- User Configurations
--








--
-- Databases
--

--
-- Database "template1" dump
--

\connect template1

--
-- PostgreSQL database dump
--

-- Dumped from database version 16.3
-- Dumped by pg_dump version 16.3

-- Started on 2024-12-09 11:33:42

SET statement_timeout = 0;
SET lock_timeout = 0;
SET idle_in_transaction_session_timeout = 0;
SET client_encoding = 'UTF8';
SET standard_conforming_strings = on;
SELECT pg_catalog.set_config('search_path', '', false);
SET check_function_bodies = false;
SET xmloption = content;
SET client_min_messages = warning;
SET row_security = off;

-- Completed on 2024-12-09 11:33:42

--
-- PostgreSQL database dump complete
--

--
-- Database "PruebasToDo" dump
--

--
-- PostgreSQL database dump
--

-- Dumped from database version 16.3
-- Dumped by pg_dump version 16.3

-- Started on 2024-12-09 11:33:42

SET statement_timeout = 0;
SET lock_timeout = 0;
SET idle_in_transaction_session_timeout = 0;
SET client_encoding = 'UTF8';
SET standard_conforming_strings = on;
SELECT pg_catalog.set_config('search_path', '', false);
SET check_function_bodies = false;
SET xmloption = content;
SET client_min_messages = warning;
SET row_security = off;

--
-- TOC entry 4863 (class 1262 OID 41782)
-- Name: PruebasToDo; Type: DATABASE; Schema: -; Owner: postgres
--

CREATE DATABASE "PruebasToDo" WITH TEMPLATE = template0 ENCODING = 'UTF8' LOCALE_PROVIDER = libc LOCALE = 'Spanish_Spain.1252';


ALTER DATABASE "PruebasToDo" OWNER TO postgres;

\connect "PruebasToDo"

SET statement_timeout = 0;
SET lock_timeout = 0;
SET idle_in_transaction_session_timeout = 0;
SET client_encoding = 'UTF8';
SET standard_conforming_strings = on;
SELECT pg_catalog.set_config('search_path', '', false);
SET check_function_bodies = false;
SET xmloption = content;
SET client_min_messages = warning;
SET row_security = off;

SET default_tablespace = '';

SET default_table_access_method = heap;

--
-- TOC entry 220 (class 1259 OID 41808)
-- Name: Categoria; Type: TABLE; Schema: public; Owner: postgres
--

CREATE TABLE public."Categoria" (
    name character varying(50)[] NOT NULL,
    description character varying(150)[],
    "ID" integer NOT NULL
);


ALTER TABLE public."Categoria" OWNER TO postgres;

--
-- TOC entry 219 (class 1259 OID 41807)
-- Name: Categoria_ID_seq; Type: SEQUENCE; Schema: public; Owner: postgres
--

ALTER TABLE public."Categoria" ALTER COLUMN "ID" ADD GENERATED ALWAYS AS IDENTITY (
    SEQUENCE NAME public."Categoria_ID_seq"
    START WITH 1
    INCREMENT BY 1
    NO MINVALUE
    NO MAXVALUE
    CACHE 1
);


--
-- TOC entry 218 (class 1259 OID 41793)
-- Name: Task; Type: TABLE; Schema: public; Owner: postgres
--

CREATE TABLE public."Task" (
    "ID" integer NOT NULL,
    descripcion character varying(150)[],
    title character varying(50)[] NOT NULL,
    "UserID" integer NOT NULL
);


ALTER TABLE public."Task" OWNER TO postgres;

--
-- TOC entry 217 (class 1259 OID 41792)
-- Name: Task_ID_seq; Type: SEQUENCE; Schema: public; Owner: postgres
--

ALTER TABLE public."Task" ALTER COLUMN "ID" ADD GENERATED ALWAYS AS IDENTITY (
    SEQUENCE NAME public."Task_ID_seq"
    START WITH 1
    INCREMENT BY 1
    NO MINVALUE
    NO MAXVALUE
    CACHE 1
);


--
-- TOC entry 216 (class 1259 OID 41785)
-- Name: User; Type: TABLE; Schema: public; Owner: postgres
--

CREATE TABLE public."User" (
    "Username" character varying(30)[] NOT NULL,
    "Password" character varying(30)[] NOT NULL,
    "ID" integer NOT NULL
);


ALTER TABLE public."User" OWNER TO postgres;

--
-- TOC entry 215 (class 1259 OID 41784)
-- Name: User_ID_seq; Type: SEQUENCE; Schema: public; Owner: postgres
--

ALTER TABLE public."User" ALTER COLUMN "ID" ADD GENERATED ALWAYS AS IDENTITY (
    SEQUENCE NAME public."User_ID_seq"
    START WITH 1
    INCREMENT BY 1
    NO MINVALUE
    NO MAXVALUE
    CACHE 1
);


--
-- TOC entry 4857 (class 0 OID 41808)
-- Dependencies: 220
-- Data for Name: Categoria; Type: TABLE DATA; Schema: public; Owner: postgres
--

COPY public."Categoria" (name, description, "ID") FROM stdin;
\.


--
-- TOC entry 4855 (class 0 OID 41793)
-- Dependencies: 218
-- Data for Name: Task; Type: TABLE DATA; Schema: public; Owner: postgres
--

COPY public."Task" ("ID", descripcion, title, "UserID") FROM stdin;
\.


--
-- TOC entry 4853 (class 0 OID 41785)
-- Dependencies: 216
-- Data for Name: User; Type: TABLE DATA; Schema: public; Owner: postgres
--

COPY public."User" ("Username", "Password", "ID") FROM stdin;
\.


--
-- TOC entry 4864 (class 0 OID 0)
-- Dependencies: 219
-- Name: Categoria_ID_seq; Type: SEQUENCE SET; Schema: public; Owner: postgres
--

SELECT pg_catalog.setval('public."Categoria_ID_seq"', 1, false);


--
-- TOC entry 4865 (class 0 OID 0)
-- Dependencies: 217
-- Name: Task_ID_seq; Type: SEQUENCE SET; Schema: public; Owner: postgres
--

SELECT pg_catalog.setval('public."Task_ID_seq"', 1, false);


--
-- TOC entry 4866 (class 0 OID 0)
-- Dependencies: 215
-- Name: User_ID_seq; Type: SEQUENCE SET; Schema: public; Owner: postgres
--

SELECT pg_catalog.setval('public."User_ID_seq"', 1, false);


--
-- TOC entry 4705 (class 2606 OID 41816)
-- Name: Categoria Categoria_ID_name_key; Type: CONSTRAINT; Schema: public; Owner: postgres
--

ALTER TABLE ONLY public."Categoria"
    ADD CONSTRAINT "Categoria_ID_name_key" UNIQUE ("ID", name);


--
-- TOC entry 4707 (class 2606 OID 41814)
-- Name: Categoria Categoria_pkey; Type: CONSTRAINT; Schema: public; Owner: postgres
--

ALTER TABLE ONLY public."Categoria"
    ADD CONSTRAINT "Categoria_pkey" PRIMARY KEY ("ID");


--
-- TOC entry 4703 (class 2606 OID 41799)
-- Name: Task Task_pkey; Type: CONSTRAINT; Schema: public; Owner: postgres
--

ALTER TABLE ONLY public."Task"
    ADD CONSTRAINT "Task_pkey" PRIMARY KEY ("ID");


--
-- TOC entry 4699 (class 2606 OID 41806)
-- Name: User User_Username_ID_key; Type: CONSTRAINT; Schema: public; Owner: postgres
--

ALTER TABLE ONLY public."User"
    ADD CONSTRAINT "User_Username_ID_key" UNIQUE ("Username", "ID");


--
-- TOC entry 4701 (class 2606 OID 41791)
-- Name: User User_pkey; Type: CONSTRAINT; Schema: public; Owner: postgres
--

ALTER TABLE ONLY public."User"
    ADD CONSTRAINT "User_pkey" PRIMARY KEY ("ID");


--
-- TOC entry 4708 (class 2606 OID 41800)
-- Name: Task User-Task; Type: FK CONSTRAINT; Schema: public; Owner: postgres
--

ALTER TABLE ONLY public."Task"
    ADD CONSTRAINT "User-Task" FOREIGN KEY ("UserID") REFERENCES public."User"("ID");


-- Completed on 2024-12-09 11:33:42

--
-- PostgreSQL database dump complete
--

--
-- Database "envios" dump
--

--
-- PostgreSQL database dump
--

-- Dumped from database version 16.3
-- Dumped by pg_dump version 16.3

-- Started on 2024-12-09 11:33:42

SET statement_timeout = 0;
SET lock_timeout = 0;
SET idle_in_transaction_session_timeout = 0;
SET client_encoding = 'UTF8';
SET standard_conforming_strings = on;
SELECT pg_catalog.set_config('search_path', '', false);
SET check_function_bodies = false;
SET xmloption = content;
SET client_min_messages = warning;
SET row_security = off;

--
-- TOC entry 4919 (class 1262 OID 16505)
-- Name: envios; Type: DATABASE; Schema: -; Owner: postgres
--

CREATE DATABASE envios WITH TEMPLATE = template0 ENCODING = 'UTF8' LOCALE_PROVIDER = libc LOCALE = 'Spanish_Spain.1252';


ALTER DATABASE envios OWNER TO postgres;

\connect envios

SET statement_timeout = 0;
SET lock_timeout = 0;
SET idle_in_transaction_session_timeout = 0;
SET client_encoding = 'UTF8';
SET standard_conforming_strings = on;
SELECT pg_catalog.set_config('search_path', '', false);
SET check_function_bodies = false;
SET xmloption = content;
SET client_min_messages = warning;
SET row_security = off;

SET default_tablespace = '';

SET default_table_access_method = heap;

--
-- TOC entry 215 (class 1259 OID 16506)
-- Name: empleados; Type: TABLE; Schema: public; Owner: postgres
--

CREATE TABLE public.empleados (
    ci character varying(10) NOT NULL,
    nombres character varying(64),
    apellidos character varying(64),
    direccion character varying(128),
    fecha_nacimiento character varying(10),
    sexo character varying(10),
    telefono_convencional character varying(10),
    telefono_movil character varying(10),
    correo_electronico character varying(64),
    cargo character varying(32),
    estadoempleado character varying(12) DEFAULT 'Activo'::character varying,
    CONSTRAINT empleados_estadoempleado_check CHECK (((estadoempleado)::text = ANY (ARRAY[('Activo'::character varying)::text, ('Dado de baja'::character varying)::text]))),
    CONSTRAINT empleados_sexo_check CHECK (((sexo)::text = ANY (ARRAY[('Masculino'::character varying)::text, ('Femenino'::character varying)::text])))
);


ALTER TABLE public.empleados OWNER TO postgres;

--
-- TOC entry 228 (class 1259 OID 16590)
-- Name: factura; Type: TABLE; Schema: public; Owner: postgres
--

CREATE TABLE public.factura (
    id integer NOT NULL,
    documento character varying(50),
    names character varying(100),
    lastnames character varying(100),
    telefono character varying(15),
    direction character varying(255),
    email character varying(100),
    is_natural boolean,
    country boolean,
    fechaemision date,
    subtotal numeric(10,2),
    total numeric(10,2),
    iva numeric(10,2)
);


ALTER TABLE public.factura OWNER TO postgres;

--
-- TOC entry 227 (class 1259 OID 16589)
-- Name: factura_id_seq; Type: SEQUENCE; Schema: public; Owner: postgres
--

CREATE SEQUENCE public.factura_id_seq
    AS integer
    START WITH 1
    INCREMENT BY 1
    NO MINVALUE
    NO MAXVALUE
    CACHE 1;


ALTER SEQUENCE public.factura_id_seq OWNER TO postgres;

--
-- TOC entry 4920 (class 0 OID 0)
-- Dependencies: 227
-- Name: factura_id_seq; Type: SEQUENCE OWNED BY; Schema: public; Owner: postgres
--

ALTER SEQUENCE public.factura_id_seq OWNED BY public.factura.id;


--
-- TOC entry 216 (class 1259 OID 16512)
-- Name: incidente; Type: TABLE; Schema: public; Owner: postgres
--

CREATE TABLE public.incidente (
    idincidente integer NOT NULL,
    idpaquete integer,
    tipoincidente character varying(40),
    descripcion text,
    CONSTRAINT incidente_tipoincidente_check CHECK (((tipoincidente)::text = ANY (ARRAY[('Daño en el Paquete'::character varying)::text, ('Error de Dirección'::character varying)::text, ('Paquete Perdido'::character varying)::text, ('Rechazo Entrega'::character varying)::text])))
);


ALTER TABLE public.incidente OWNER TO postgres;

--
-- TOC entry 217 (class 1259 OID 16518)
-- Name: incidente_idincidente_seq; Type: SEQUENCE; Schema: public; Owner: postgres
--

CREATE SEQUENCE public.incidente_idincidente_seq
    AS integer
    START WITH 1
    INCREMENT BY 1
    NO MINVALUE
    NO MAXVALUE
    CACHE 1;


ALTER SEQUENCE public.incidente_idincidente_seq OWNER TO postgres;

--
-- TOC entry 4921 (class 0 OID 0)
-- Dependencies: 217
-- Name: incidente_idincidente_seq; Type: SEQUENCE OWNED BY; Schema: public; Owner: postgres
--

ALTER SEQUENCE public.incidente_idincidente_seq OWNED BY public.incidente.idincidente;


--
-- TOC entry 218 (class 1259 OID 16519)
-- Name: inventario; Type: TABLE; Schema: public; Owner: postgres
--

CREATE TABLE public.inventario (
    idinventario integer NOT NULL,
    descripcion text,
    fechaingreso timestamp without time zone DEFAULT CURRENT_TIMESTAMP
);


ALTER TABLE public.inventario OWNER TO postgres;

--
-- TOC entry 219 (class 1259 OID 16525)
-- Name: inventario_idinventario_seq; Type: SEQUENCE; Schema: public; Owner: postgres
--

CREATE SEQUENCE public.inventario_idinventario_seq
    AS integer
    START WITH 1
    INCREMENT BY 1
    NO MINVALUE
    NO MAXVALUE
    CACHE 1;


ALTER SEQUENCE public.inventario_idinventario_seq OWNER TO postgres;

--
-- TOC entry 4922 (class 0 OID 0)
-- Dependencies: 219
-- Name: inventario_idinventario_seq; Type: SEQUENCE OWNED BY; Schema: public; Owner: postgres
--

ALTER SEQUENCE public.inventario_idinventario_seq OWNED BY public.inventario.idinventario;


--
-- TOC entry 220 (class 1259 OID 16526)
-- Name: inventario_paquete; Type: TABLE; Schema: public; Owner: postgres
--

CREATE TABLE public.inventario_paquete (
    idinventariopaquete integer NOT NULL,
    codigotraking integer,
    idpaquete integer
);


ALTER TABLE public.inventario_paquete OWNER TO postgres;

--
-- TOC entry 221 (class 1259 OID 16529)
-- Name: inventario_paquete_idinventariopaquete_seq; Type: SEQUENCE; Schema: public; Owner: postgres
--

CREATE SEQUENCE public.inventario_paquete_idinventariopaquete_seq
    AS integer
    START WITH 1
    INCREMENT BY 1
    NO MINVALUE
    NO MAXVALUE
    CACHE 1;


ALTER SEQUENCE public.inventario_paquete_idinventariopaquete_seq OWNER TO postgres;

--
-- TOC entry 4923 (class 0 OID 0)
-- Dependencies: 221
-- Name: inventario_paquete_idinventariopaquete_seq; Type: SEQUENCE OWNED BY; Schema: public; Owner: postgres
--

ALTER SEQUENCE public.inventario_paquete_idinventariopaquete_seq OWNED BY public.inventario_paquete.idinventariopaquete;


--
-- TOC entry 222 (class 1259 OID 16530)
-- Name: paquete; Type: TABLE; Schema: public; Owner: postgres
--

CREATE TABLE public.paquete (
    idpaquete integer NOT NULL,
    peso numeric(16,2),
    ancho numeric(16,2),
    largo numeric(16,2),
    contenido text,
    remitente character varying(100),
    direcciondestino character varying(255),
    estado character varying(20),
    fechaenvio timestamp without time zone DEFAULT CURRENT_TIMESTAMP,
    CONSTRAINT paquete_estado_check CHECK (((estado)::text = ANY (ARRAY[('Pendiente'::character varying)::text, ('EnCurso'::character varying)::text, ('Entregado'::character varying)::text])))
);


ALTER TABLE public.paquete OWNER TO postgres;

--
-- TOC entry 223 (class 1259 OID 16537)
-- Name: paquete_idpaquete_seq; Type: SEQUENCE; Schema: public; Owner: postgres
--

CREATE SEQUENCE public.paquete_idpaquete_seq
    AS integer
    START WITH 1
    INCREMENT BY 1
    NO MINVALUE
    NO MAXVALUE
    CACHE 1;


ALTER SEQUENCE public.paquete_idpaquete_seq OWNER TO postgres;

--
-- TOC entry 4924 (class 0 OID 0)
-- Dependencies: 223
-- Name: paquete_idpaquete_seq; Type: SEQUENCE OWNED BY; Schema: public; Owner: postgres
--

ALTER SEQUENCE public.paquete_idpaquete_seq OWNED BY public.paquete.idpaquete;


--
-- TOC entry 224 (class 1259 OID 16538)
-- Name: usuarios; Type: TABLE; Schema: public; Owner: postgres
--

CREATE TABLE public.usuarios (
    idusuario integer NOT NULL,
    nombreuser character varying(28),
    ci character varying(10),
    passwordu character varying(32),
    numpregunta integer,
    respuesta character varying(32),
    rol character varying(13),
    estado character varying(13) DEFAULT 'Activado'::character varying NOT NULL,
    CONSTRAINT usuarios_estado_check CHECK (((estado)::text = ANY (ARRAY[('Activado'::character varying)::text, ('Bloqueado'::character varying)::text]))),
    CONSTRAINT usuarios_rol_check CHECK (((rol)::text = ANY (ARRAY[('Administrador'::character varying)::text, ('Recepcionista'::character varying)::text, ('Conductor'::character varying)::text])))
);


ALTER TABLE public.usuarios OWNER TO postgres;

--
-- TOC entry 225 (class 1259 OID 16544)
-- Name: usuarios_idusuario_seq; Type: SEQUENCE; Schema: public; Owner: postgres
--

CREATE SEQUENCE public.usuarios_idusuario_seq
    AS integer
    START WITH 1
    INCREMENT BY 1
    NO MINVALUE
    NO MAXVALUE
    CACHE 1;


ALTER SEQUENCE public.usuarios_idusuario_seq OWNER TO postgres;

--
-- TOC entry 4925 (class 0 OID 0)
-- Dependencies: 225
-- Name: usuarios_idusuario_seq; Type: SEQUENCE OWNED BY; Schema: public; Owner: postgres
--

ALTER SEQUENCE public.usuarios_idusuario_seq OWNED BY public.usuarios.idusuario;


--
-- TOC entry 226 (class 1259 OID 16545)
-- Name: vistadatospaquete; Type: VIEW; Schema: public; Owner: postgres
--

CREATE VIEW public.vistadatospaquete AS
 SELECT p.idpaquete,
    p.contenido,
    p.remitente,
    p.direcciondestino,
    p.fechaenvio,
    p.estado,
    ip.codigotraking
   FROM (public.paquete p
     JOIN public.inventario_paquete ip ON ((p.idpaquete = ip.idpaquete)));


ALTER VIEW public.vistadatospaquete OWNER TO postgres;

--
-- TOC entry 4730 (class 2604 OID 16593)
-- Name: factura id; Type: DEFAULT; Schema: public; Owner: postgres
--

ALTER TABLE ONLY public.factura ALTER COLUMN id SET DEFAULT nextval('public.factura_id_seq'::regclass);


--
-- TOC entry 4722 (class 2604 OID 16549)
-- Name: incidente idincidente; Type: DEFAULT; Schema: public; Owner: postgres
--

ALTER TABLE ONLY public.incidente ALTER COLUMN idincidente SET DEFAULT nextval('public.incidente_idincidente_seq'::regclass);


--
-- TOC entry 4723 (class 2604 OID 16550)
-- Name: inventario idinventario; Type: DEFAULT; Schema: public; Owner: postgres
--

ALTER TABLE ONLY public.inventario ALTER COLUMN idinventario SET DEFAULT nextval('public.inventario_idinventario_seq'::regclass);


--
-- TOC entry 4725 (class 2604 OID 16551)
-- Name: inventario_paquete idinventariopaquete; Type: DEFAULT; Schema: public; Owner: postgres
--

ALTER TABLE ONLY public.inventario_paquete ALTER COLUMN idinventariopaquete SET DEFAULT nextval('public.inventario_paquete_idinventariopaquete_seq'::regclass);


--
-- TOC entry 4726 (class 2604 OID 16552)
-- Name: paquete idpaquete; Type: DEFAULT; Schema: public; Owner: postgres
--

ALTER TABLE ONLY public.paquete ALTER COLUMN idpaquete SET DEFAULT nextval('public.paquete_idpaquete_seq'::regclass);


--
-- TOC entry 4728 (class 2604 OID 16553)
-- Name: usuarios idusuario; Type: DEFAULT; Schema: public; Owner: postgres
--

ALTER TABLE ONLY public.usuarios ALTER COLUMN idusuario SET DEFAULT nextval('public.usuarios_idusuario_seq'::regclass);


--
-- TOC entry 4901 (class 0 OID 16506)
-- Dependencies: 215
-- Data for Name: empleados; Type: TABLE DATA; Schema: public; Owner: postgres
--

COPY public.empleados (ci, nombres, apellidos, direccion, fecha_nacimiento, sexo, telefono_convencional, telefono_movil, correo_electronico, cargo, estadoempleado) FROM stdin;
0000000000	Administrador	Administrador	De los Guabos N50-05 y De Las Fuccias	1992-08-12	Masculino	02-3150640	0979238583	adminbestcolor@gmail.com	\N	Activo
\.


--
-- TOC entry 4913 (class 0 OID 16590)
-- Dependencies: 228
-- Data for Name: factura; Type: TABLE DATA; Schema: public; Owner: postgres
--

COPY public.factura (id, documento, names, lastnames, telefono, direction, email, is_natural, country, fechaemision, subtotal, total, iva) FROM stdin;
1	001	Juan	Pérez	0987654321	Calle Falsa 123	juan@example.com	t	t	2024-08-01	602.50	692.88	90.38
2	001	Jhon	Minda	0987654321	Loja	juan@eeafd.com	t	t	2024-08-01	602.50	692.88	90.38
3	001	Jhon	Minda	0987654321	Loja	juan@eeafd.com	t	t	2024-08-01	621.96	715.25	93.29
4	001	Jhon	Minda	0987654321	Loja	juan@eeafd.com	t	t	2024-08-01	621.96	715.25	93.29
5	001	Jhon	Minda	0987654321	Loja	juan@eeafd.com	t	t	2024-08-01	621.96	715.25	93.29
6	001	Juan	XD	098764343	AvJulio	juan@eeafd.com	t	t	2024-08-01	604.63	695.32	90.69
\.


--
-- TOC entry 4902 (class 0 OID 16512)
-- Dependencies: 216
-- Data for Name: incidente; Type: TABLE DATA; Schema: public; Owner: postgres
--

COPY public.incidente (idincidente, idpaquete, tipoincidente, descripcion) FROM stdin;
2	2	Rechazo Entrega	El paquete se daño
\.


--
-- TOC entry 4904 (class 0 OID 16519)
-- Dependencies: 218
-- Data for Name: inventario; Type: TABLE DATA; Schema: public; Owner: postgres
--

COPY public.inventario (idinventario, descripcion, fechaingreso) FROM stdin;
1		2024-07-25 21:48:38.590556
2	Cosas Variadas	2024-07-26 22:16:58.33325
3	Cosas Variadas	2024-07-26 22:16:58.33325
4	Cosas Variadas	2024-07-26 22:16:58.33325
5	Cosas variadas	2024-07-27 17:58:47.190012
6	Cosas variadas	2024-07-27 17:58:47.190012
7	Cosas variadas	2024-07-27 17:58:47.190012
\.


--
-- TOC entry 4906 (class 0 OID 16526)
-- Dependencies: 220
-- Data for Name: inventario_paquete; Type: TABLE DATA; Schema: public; Owner: postgres
--

COPY public.inventario_paquete (idinventariopaquete, codigotraking, idpaquete) FROM stdin;
1	1	1
2	2	1
3	2	2
4	2	3
5	5	1
6	5	2
7	5	3
\.


--
-- TOC entry 4908 (class 0 OID 16530)
-- Dependencies: 222
-- Data for Name: paquete; Type: TABLE DATA; Schema: public; Owner: postgres
--

COPY public.paquete (idpaquete, peso, ancho, largo, contenido, remitente, direcciondestino, estado, fechaenvio) FROM stdin;
1	6.00	1.10	2.10	Mesa de escritorio	Juan Perez	Escuela politecnica nacional	Pendiente	2024-07-25 21:25:21.334708
2	0.15	0.20	0.20	Plumas	Dr.Edwin Rivera	Salesiana, frente a la colon	Pendiente	2024-07-25 21:26:06.799321
3	1.20	1.20	1.00	Relojes	Pepito Perez	Escuela Politecnica Nacional	Pendiente	2024-07-26 22:16:15.682698
\.


--
-- TOC entry 4910 (class 0 OID 16538)
-- Dependencies: 224
-- Data for Name: usuarios; Type: TABLE DATA; Schema: public; Owner: postgres
--

COPY public.usuarios (idusuario, nombreuser, ci, passwordu, numpregunta, respuesta, rol, estado) FROM stdin;
1	administrador	0000000000	123	1	Milo	Administrador	Activado
\.


--
-- TOC entry 4926 (class 0 OID 0)
-- Dependencies: 227
-- Name: factura_id_seq; Type: SEQUENCE SET; Schema: public; Owner: postgres
--

SELECT pg_catalog.setval('public.factura_id_seq', 6, true);


--
-- TOC entry 4927 (class 0 OID 0)
-- Dependencies: 217
-- Name: incidente_idincidente_seq; Type: SEQUENCE SET; Schema: public; Owner: postgres
--

SELECT pg_catalog.setval('public.incidente_idincidente_seq', 2, true);


--
-- TOC entry 4928 (class 0 OID 0)
-- Dependencies: 219
-- Name: inventario_idinventario_seq; Type: SEQUENCE SET; Schema: public; Owner: postgres
--

SELECT pg_catalog.setval('public.inventario_idinventario_seq', 7, true);


--
-- TOC entry 4929 (class 0 OID 0)
-- Dependencies: 221
-- Name: inventario_paquete_idinventariopaquete_seq; Type: SEQUENCE SET; Schema: public; Owner: postgres
--

SELECT pg_catalog.setval('public.inventario_paquete_idinventariopaquete_seq', 7, true);


--
-- TOC entry 4930 (class 0 OID 0)
-- Dependencies: 223
-- Name: paquete_idpaquete_seq; Type: SEQUENCE SET; Schema: public; Owner: postgres
--

SELECT pg_catalog.setval('public.paquete_idpaquete_seq', 1, false);


--
-- TOC entry 4931 (class 0 OID 0)
-- Dependencies: 225
-- Name: usuarios_idusuario_seq; Type: SEQUENCE SET; Schema: public; Owner: postgres
--

SELECT pg_catalog.setval('public.usuarios_idusuario_seq', 1, true);


--
-- TOC entry 4738 (class 2606 OID 16555)
-- Name: empleados empleados_pkey; Type: CONSTRAINT; Schema: public; Owner: postgres
--

ALTER TABLE ONLY public.empleados
    ADD CONSTRAINT empleados_pkey PRIMARY KEY (ci);


--
-- TOC entry 4752 (class 2606 OID 16597)
-- Name: factura factura_pkey; Type: CONSTRAINT; Schema: public; Owner: postgres
--

ALTER TABLE ONLY public.factura
    ADD CONSTRAINT factura_pkey PRIMARY KEY (id);


--
-- TOC entry 4740 (class 2606 OID 16557)
-- Name: incidente incidente_pkey; Type: CONSTRAINT; Schema: public; Owner: postgres
--

ALTER TABLE ONLY public.incidente
    ADD CONSTRAINT incidente_pkey PRIMARY KEY (idincidente);


--
-- TOC entry 4744 (class 2606 OID 16559)
-- Name: inventario_paquete inventario_paquete_pkey; Type: CONSTRAINT; Schema: public; Owner: postgres
--

ALTER TABLE ONLY public.inventario_paquete
    ADD CONSTRAINT inventario_paquete_pkey PRIMARY KEY (idinventariopaquete);


--
-- TOC entry 4742 (class 2606 OID 16561)
-- Name: inventario inventario_pkey; Type: CONSTRAINT; Schema: public; Owner: postgres
--

ALTER TABLE ONLY public.inventario
    ADD CONSTRAINT inventario_pkey PRIMARY KEY (idinventario);


--
-- TOC entry 4746 (class 2606 OID 16563)
-- Name: paquete paquete_pkey; Type: CONSTRAINT; Schema: public; Owner: postgres
--

ALTER TABLE ONLY public.paquete
    ADD CONSTRAINT paquete_pkey PRIMARY KEY (idpaquete);


--
-- TOC entry 4748 (class 2606 OID 16565)
-- Name: usuarios usuarios_nombreuser_key; Type: CONSTRAINT; Schema: public; Owner: postgres
--

ALTER TABLE ONLY public.usuarios
    ADD CONSTRAINT usuarios_nombreuser_key UNIQUE (nombreuser);


--
-- TOC entry 4750 (class 2606 OID 16567)
-- Name: usuarios usuarios_pkey; Type: CONSTRAINT; Schema: public; Owner: postgres
--

ALTER TABLE ONLY public.usuarios
    ADD CONSTRAINT usuarios_pkey PRIMARY KEY (idusuario);


--
-- TOC entry 4753 (class 2606 OID 16568)
-- Name: incidente incidente_idpaquete_fkey; Type: FK CONSTRAINT; Schema: public; Owner: postgres
--

ALTER TABLE ONLY public.incidente
    ADD CONSTRAINT incidente_idpaquete_fkey FOREIGN KEY (idpaquete) REFERENCES public.paquete(idpaquete);


--
-- TOC entry 4754 (class 2606 OID 16573)
-- Name: inventario_paquete inventario_paquete_codigotraking_fkey; Type: FK CONSTRAINT; Schema: public; Owner: postgres
--

ALTER TABLE ONLY public.inventario_paquete
    ADD CONSTRAINT inventario_paquete_codigotraking_fkey FOREIGN KEY (codigotraking) REFERENCES public.inventario(idinventario);


--
-- TOC entry 4755 (class 2606 OID 16578)
-- Name: inventario_paquete inventario_paquete_idpaquete_fkey; Type: FK CONSTRAINT; Schema: public; Owner: postgres
--

ALTER TABLE ONLY public.inventario_paquete
    ADD CONSTRAINT inventario_paquete_idpaquete_fkey FOREIGN KEY (idpaquete) REFERENCES public.paquete(idpaquete);


--
-- TOC entry 4756 (class 2606 OID 16583)
-- Name: usuarios usuarios_ci_fkey; Type: FK CONSTRAINT; Schema: public; Owner: postgres
--

ALTER TABLE ONLY public.usuarios
    ADD CONSTRAINT usuarios_ci_fkey FOREIGN KEY (ci) REFERENCES public.empleados(ci);


-- Completed on 2024-12-09 11:33:43

--
-- PostgreSQL database dump complete
--

--
-- Database "paquetes" dump
--

--
-- PostgreSQL database dump
--

-- Dumped from database version 16.3
-- Dumped by pg_dump version 16.3

-- Started on 2024-12-09 11:33:43

SET statement_timeout = 0;
SET lock_timeout = 0;
SET idle_in_transaction_session_timeout = 0;
SET client_encoding = 'UTF8';
SET standard_conforming_strings = on;
SELECT pg_catalog.set_config('search_path', '', false);
SET check_function_bodies = false;
SET xmloption = content;
SET client_min_messages = warning;
SET row_security = off;

--
-- TOC entry 4858 (class 1262 OID 16598)
-- Name: paquetes; Type: DATABASE; Schema: -; Owner: postgres
--

CREATE DATABASE paquetes WITH TEMPLATE = template0 ENCODING = 'UTF8' LOCALE_PROVIDER = libc LOCALE = 'Spanish_Spain.1252';


ALTER DATABASE paquetes OWNER TO postgres;

\connect paquetes

SET statement_timeout = 0;
SET lock_timeout = 0;
SET idle_in_transaction_session_timeout = 0;
SET client_encoding = 'UTF8';
SET standard_conforming_strings = on;
SELECT pg_catalog.set_config('search_path', '', false);
SET check_function_bodies = false;
SET xmloption = content;
SET client_min_messages = warning;
SET row_security = off;

SET default_tablespace = '';

SET default_table_access_method = heap;

--
-- TOC entry 215 (class 1259 OID 16599)
-- Name: credencial; Type: TABLE; Schema: public; Owner: postgres
--

CREATE TABLE public.credencial (
    id integer NOT NULL,
    nombreusuario character varying(50) NOT NULL,
    clave character varying(255) NOT NULL,
    rol character varying(50) NOT NULL,
    usuario_id integer,
    provincia character varying(100)
);


ALTER TABLE public.credencial OWNER TO postgres;

--
-- TOC entry 216 (class 1259 OID 16602)
-- Name: credencial_id_seq; Type: SEQUENCE; Schema: public; Owner: postgres
--

CREATE SEQUENCE public.credencial_id_seq
    AS integer
    START WITH 1
    INCREMENT BY 1
    NO MINVALUE
    NO MAXVALUE
    CACHE 1;


ALTER SEQUENCE public.credencial_id_seq OWNER TO postgres;

--
-- TOC entry 4859 (class 0 OID 0)
-- Dependencies: 216
-- Name: credencial_id_seq; Type: SEQUENCE OWNED BY; Schema: public; Owner: postgres
--

ALTER SEQUENCE public.credencial_id_seq OWNED BY public.credencial.id;


--
-- TOC entry 217 (class 1259 OID 16603)
-- Name: usuario; Type: TABLE; Schema: public; Owner: postgres
--

CREATE TABLE public.usuario (
    id integer NOT NULL,
    nombres character varying(100) NOT NULL,
    apellidos character varying(100) NOT NULL,
    cedula character varying(20) NOT NULL,
    direccion character varying(255),
    telefono character varying(20),
    email character varying(100) NOT NULL
);


ALTER TABLE public.usuario OWNER TO postgres;

--
-- TOC entry 218 (class 1259 OID 16608)
-- Name: usuario_id_seq; Type: SEQUENCE; Schema: public; Owner: postgres
--

CREATE SEQUENCE public.usuario_id_seq
    AS integer
    START WITH 1
    INCREMENT BY 1
    NO MINVALUE
    NO MAXVALUE
    CACHE 1;


ALTER SEQUENCE public.usuario_id_seq OWNER TO postgres;

--
-- TOC entry 4860 (class 0 OID 0)
-- Dependencies: 218
-- Name: usuario_id_seq; Type: SEQUENCE OWNED BY; Schema: public; Owner: postgres
--

ALTER SEQUENCE public.usuario_id_seq OWNED BY public.usuario.id;


--
-- TOC entry 4693 (class 2604 OID 16609)
-- Name: credencial id; Type: DEFAULT; Schema: public; Owner: postgres
--

ALTER TABLE ONLY public.credencial ALTER COLUMN id SET DEFAULT nextval('public.credencial_id_seq'::regclass);


--
-- TOC entry 4694 (class 2604 OID 16610)
-- Name: usuario id; Type: DEFAULT; Schema: public; Owner: postgres
--

ALTER TABLE ONLY public.usuario ALTER COLUMN id SET DEFAULT nextval('public.usuario_id_seq'::regclass);


--
-- TOC entry 4849 (class 0 OID 16599)
-- Dependencies: 215
-- Data for Name: credencial; Type: TABLE DATA; Schema: public; Owner: postgres
--

COPY public.credencial (id, nombreusuario, clave, rol, usuario_id, provincia) FROM stdin;
3	recepcionista	123	recepcionista	1	PICHINCHA
4	conductor	123	conductor	2	CHIMBORAZO
\.


--
-- TOC entry 4851 (class 0 OID 16603)
-- Dependencies: 217
-- Data for Name: usuario; Type: TABLE DATA; Schema: public; Owner: postgres
--

COPY public.usuario (id, nombres, apellidos, cedula, direccion, telefono, email) FROM stdin;
3	Carlos	Rodríguez	1600734824	Boulevard de los Sueños Rotos 789	+593-987654321	carlos.rodriguez@gmail.com
1	Juan	Pérez	1600830705	Calle Falsa 155	+593-999274684	juan.perez@gmail.com
4	Rodrigo Javier	Haro Guerra	1500572571	San Pedro Coloma	+593-999274684	rodrigo@gmail.com
2	María	González	1600336505	Avenida Siempre Viva 155	+593-123456777	maria.gonzalez@gmail.com
5	Miguel Angel	Mendosa mendoza	2300163678	Los Santos	+593-999999999	migue@gmail.com
6	Stalin Anthony	Yungan S	1728848274	White dad	+593-999999999	stalin.yungan@gmail.com
\.


--
-- TOC entry 4861 (class 0 OID 0)
-- Dependencies: 216
-- Name: credencial_id_seq; Type: SEQUENCE SET; Schema: public; Owner: postgres
--

SELECT pg_catalog.setval('public.credencial_id_seq', 4, true);


--
-- TOC entry 4862 (class 0 OID 0)
-- Dependencies: 218
-- Name: usuario_id_seq; Type: SEQUENCE SET; Schema: public; Owner: postgres
--

SELECT pg_catalog.setval('public.usuario_id_seq', 6, true);


--
-- TOC entry 4696 (class 2606 OID 16612)
-- Name: credencial credencial_nombreusuario_key; Type: CONSTRAINT; Schema: public; Owner: postgres
--

ALTER TABLE ONLY public.credencial
    ADD CONSTRAINT credencial_nombreusuario_key UNIQUE (nombreusuario);


--
-- TOC entry 4698 (class 2606 OID 16614)
-- Name: credencial credencial_pkey; Type: CONSTRAINT; Schema: public; Owner: postgres
--

ALTER TABLE ONLY public.credencial
    ADD CONSTRAINT credencial_pkey PRIMARY KEY (id);


--
-- TOC entry 4700 (class 2606 OID 16616)
-- Name: usuario usuario_cedula_key; Type: CONSTRAINT; Schema: public; Owner: postgres
--

ALTER TABLE ONLY public.usuario
    ADD CONSTRAINT usuario_cedula_key UNIQUE (cedula);


--
-- TOC entry 4702 (class 2606 OID 16618)
-- Name: usuario usuario_email_key; Type: CONSTRAINT; Schema: public; Owner: postgres
--

ALTER TABLE ONLY public.usuario
    ADD CONSTRAINT usuario_email_key UNIQUE (email);


--
-- TOC entry 4704 (class 2606 OID 16620)
-- Name: usuario usuario_pkey; Type: CONSTRAINT; Schema: public; Owner: postgres
--

ALTER TABLE ONLY public.usuario
    ADD CONSTRAINT usuario_pkey PRIMARY KEY (id);


--
-- TOC entry 4705 (class 2606 OID 16621)
-- Name: credencial credencial_usuario_id_fkey; Type: FK CONSTRAINT; Schema: public; Owner: postgres
--

ALTER TABLE ONLY public.credencial
    ADD CONSTRAINT credencial_usuario_id_fkey FOREIGN KEY (usuario_id) REFERENCES public.usuario(id) ON DELETE CASCADE;


-- Completed on 2024-12-09 11:33:43

--
-- PostgreSQL database dump complete
--

--
-- Database "postgres" dump
--

\connect postgres

--
-- PostgreSQL database dump
--

-- Dumped from database version 16.3
-- Dumped by pg_dump version 16.3

-- Started on 2024-12-09 11:33:43

SET statement_timeout = 0;
SET lock_timeout = 0;
SET idle_in_transaction_session_timeout = 0;
SET client_encoding = 'UTF8';
SET standard_conforming_strings = on;
SELECT pg_catalog.set_config('search_path', '', false);
SET check_function_bodies = false;
SET xmloption = content;
SET client_min_messages = warning;
SET row_security = off;

--
-- TOC entry 6 (class 2615 OID 41564)
-- Name: public; Type: SCHEMA; Schema: -; Owner: postgres
--

-- *not* creating schema, since initdb creates it


ALTER SCHEMA public OWNER TO postgres;

--
-- TOC entry 5003 (class 0 OID 0)
-- Dependencies: 6
-- Name: SCHEMA public; Type: COMMENT; Schema: -; Owner: postgres
--

COMMENT ON SCHEMA public IS '';


--
-- TOC entry 2 (class 3079 OID 16384)
-- Name: adminpack; Type: EXTENSION; Schema: -; Owner: -
--

CREATE EXTENSION IF NOT EXISTS adminpack WITH SCHEMA pg_catalog;


--
-- TOC entry 5005 (class 0 OID 0)
-- Dependencies: 2
-- Name: EXTENSION adminpack; Type: COMMENT; Schema: -; Owner: 
--

COMMENT ON EXTENSION adminpack IS 'administrative functions for PostgreSQL';


--
-- TOC entry 871 (class 1247 OID 41582)
-- Name: ContactType; Type: TYPE; Schema: public; Owner: postgres
--

CREATE TYPE public."ContactType" AS ENUM (
    'PRINCIPAL',
    'SECONDARY'
);


ALTER TYPE public."ContactType" OWNER TO postgres;

--
-- TOC entry 880 (class 1247 OID 41604)
-- Name: IdentificationType; Type: TYPE; Schema: public; Owner: postgres
--

CREATE TYPE public."IdentificationType" AS ENUM (
    'RUC',
    'CEDULA'
);


ALTER TYPE public."IdentificationType" OWNER TO postgres;

--
-- TOC entry 877 (class 1247 OID 41596)
-- Name: MembershipType; Type: TYPE; Schema: public; Owner: postgres
--

CREATE TYPE public."MembershipType" AS ENUM (
    'FREE',
    'BASIC',
    'PREMIUM'
);


ALTER TYPE public."MembershipType" OWNER TO postgres;

--
-- TOC entry 874 (class 1247 OID 41588)
-- Name: RolType; Type: TYPE; Schema: public; Owner: postgres
--

CREATE TYPE public."RolType" AS ENUM (
    'COMPANY',
    'ORGANIZATION',
    'ADMINISTRATOR'
);


ALTER TYPE public."RolType" OWNER TO postgres;

--
-- TOC entry 868 (class 1247 OID 41577)
-- Name: UserStatus; Type: TYPE; Schema: public; Owner: postgres
--

CREATE TYPE public."UserStatus" AS ENUM (
    'ACTIVE',
    'INACTIVE'
);


ALTER TYPE public."UserStatus" OWNER TO postgres;

SET default_tablespace = '';

SET default_table_access_method = heap;

--
-- TOC entry 230 (class 1259 OID 41666)
-- Name: Address; Type: TABLE; Schema: public; Owner: postgres
--

CREATE TABLE public."Address" (
    id integer NOT NULL,
    "idUser" text NOT NULL,
    "numBranch" integer,
    "nameChain" character varying(50),
    street character varying(50),
    city character varying(50) NOT NULL,
    state character varying(50) NOT NULL,
    country character varying(50) NOT NULL,
    zip character varying(10),
    longitude double precision,
    latitude double precision
);


ALTER TABLE public."Address" OWNER TO postgres;

--
-- TOC entry 229 (class 1259 OID 41665)
-- Name: Address_id_seq; Type: SEQUENCE; Schema: public; Owner: postgres
--

CREATE SEQUENCE public."Address_id_seq"
    AS integer
    START WITH 1
    INCREMENT BY 1
    NO MINVALUE
    NO MAXVALUE
    CACHE 1;


ALTER SEQUENCE public."Address_id_seq" OWNER TO postgres;

--
-- TOC entry 5006 (class 0 OID 0)
-- Dependencies: 229
-- Name: Address_id_seq; Type: SEQUENCE OWNED BY; Schema: public; Owner: postgres
--

ALTER SEQUENCE public."Address_id_seq" OWNED BY public."Address".id;


--
-- TOC entry 236 (class 1259 OID 41691)
-- Name: AlimentationType; Type: TABLE; Schema: public; Owner: postgres
--

CREATE TABLE public."AlimentationType" (
    id integer NOT NULL,
    "idOrgDetail" integer NOT NULL,
    description character varying(60) NOT NULL
);


ALTER TABLE public."AlimentationType" OWNER TO postgres;

--
-- TOC entry 235 (class 1259 OID 41690)
-- Name: AlimentationType_id_seq; Type: SEQUENCE; Schema: public; Owner: postgres
--

CREATE SEQUENCE public."AlimentationType_id_seq"
    AS integer
    START WITH 1
    INCREMENT BY 1
    NO MINVALUE
    NO MAXVALUE
    CACHE 1;


ALTER SEQUENCE public."AlimentationType_id_seq" OWNER TO postgres;

--
-- TOC entry 5007 (class 0 OID 0)
-- Dependencies: 235
-- Name: AlimentationType_id_seq; Type: SEQUENCE OWNED BY; Schema: public; Owner: postgres
--

ALTER SEQUENCE public."AlimentationType_id_seq" OWNED BY public."AlimentationType".id;


--
-- TOC entry 234 (class 1259 OID 41684)
-- Name: Availability; Type: TABLE; Schema: public; Owner: postgres
--

CREATE TABLE public."Availability" (
    id integer NOT NULL,
    "idOrgDetail" integer NOT NULL,
    day character varying(10) NOT NULL,
    "startHour" character(5) NOT NULL,
    "endHour" character(5) NOT NULL
);


ALTER TABLE public."Availability" OWNER TO postgres;

--
-- TOC entry 233 (class 1259 OID 41683)
-- Name: Availability_id_seq; Type: SEQUENCE; Schema: public; Owner: postgres
--

CREATE SEQUENCE public."Availability_id_seq"
    AS integer
    START WITH 1
    INCREMENT BY 1
    NO MINVALUE
    NO MAXVALUE
    CACHE 1;


ALTER SEQUENCE public."Availability_id_seq" OWNER TO postgres;

--
-- TOC entry 5008 (class 0 OID 0)
-- Dependencies: 233
-- Name: Availability_id_seq; Type: SEQUENCE OWNED BY; Schema: public; Owner: postgres
--

ALTER SEQUENCE public."Availability_id_seq" OWNED BY public."Availability".id;


--
-- TOC entry 226 (class 1259 OID 41648)
-- Name: CompanieDetails; Type: TABLE; Schema: public; Owner: postgres
--

CREATE TABLE public."CompanieDetails" (
    id integer NOT NULL,
    "idUser" text NOT NULL,
    "kgDonated" double precision NOT NULL
);


ALTER TABLE public."CompanieDetails" OWNER TO postgres;

--
-- TOC entry 225 (class 1259 OID 41647)
-- Name: CompanieDetails_id_seq; Type: SEQUENCE; Schema: public; Owner: postgres
--

CREATE SEQUENCE public."CompanieDetails_id_seq"
    AS integer
    START WITH 1
    INCREMENT BY 1
    NO MINVALUE
    NO MAXVALUE
    CACHE 1;


ALTER SEQUENCE public."CompanieDetails_id_seq" OWNER TO postgres;

--
-- TOC entry 5009 (class 0 OID 0)
-- Dependencies: 225
-- Name: CompanieDetails_id_seq; Type: SEQUENCE OWNED BY; Schema: public; Owner: postgres
--

ALTER SEQUENCE public."CompanieDetails_id_seq" OWNED BY public."CompanieDetails".id;


--
-- TOC entry 228 (class 1259 OID 41657)
-- Name: Contacts; Type: TABLE; Schema: public; Owner: postgres
--

CREATE TABLE public."Contacts" (
    id integer NOT NULL,
    "idUser" text NOT NULL,
    name character varying(25) NOT NULL,
    lastname character varying(25) NOT NULL,
    phone character varying(15) NOT NULL,
    email character varying(50) NOT NULL,
    type public."ContactType" NOT NULL
);


ALTER TABLE public."Contacts" OWNER TO postgres;

--
-- TOC entry 227 (class 1259 OID 41656)
-- Name: Contacts_id_seq; Type: SEQUENCE; Schema: public; Owner: postgres
--

CREATE SEQUENCE public."Contacts_id_seq"
    AS integer
    START WITH 1
    INCREMENT BY 1
    NO MINVALUE
    NO MAXVALUE
    CACHE 1;


ALTER SEQUENCE public."Contacts_id_seq" OWNER TO postgres;

--
-- TOC entry 5010 (class 0 OID 0)
-- Dependencies: 227
-- Name: Contacts_id_seq; Type: SEQUENCE OWNED BY; Schema: public; Owner: postgres
--

ALTER SEQUENCE public."Contacts_id_seq" OWNED BY public."Contacts".id;


--
-- TOC entry 221 (class 1259 OID 41623)
-- Name: Entity; Type: TABLE; Schema: public; Owner: postgres
--

CREATE TABLE public."Entity" (
    id text NOT NULL,
    "idRol" integer NOT NULL,
    "idIdentification" integer NOT NULL,
    name text NOT NULL
);


ALTER TABLE public."Entity" OWNER TO postgres;

--
-- TOC entry 238 (class 1259 OID 41698)
-- Name: FoodRestriction; Type: TABLE; Schema: public; Owner: postgres
--

CREATE TABLE public."FoodRestriction" (
    id integer NOT NULL,
    "idOrgDetail" integer NOT NULL,
    "descriptionRes" character varying(60) NOT NULL
);


ALTER TABLE public."FoodRestriction" OWNER TO postgres;

--
-- TOC entry 237 (class 1259 OID 41697)
-- Name: FoodRestriction_id_seq; Type: SEQUENCE; Schema: public; Owner: postgres
--

CREATE SEQUENCE public."FoodRestriction_id_seq"
    AS integer
    START WITH 1
    INCREMENT BY 1
    NO MINVALUE
    NO MAXVALUE
    CACHE 1;


ALTER SEQUENCE public."FoodRestriction_id_seq" OWNER TO postgres;

--
-- TOC entry 5011 (class 0 OID 0)
-- Dependencies: 237
-- Name: FoodRestriction_id_seq; Type: SEQUENCE OWNED BY; Schema: public; Owner: postgres
--

ALTER SEQUENCE public."FoodRestriction_id_seq" OWNED BY public."FoodRestriction".id;


--
-- TOC entry 223 (class 1259 OID 41631)
-- Name: Identification; Type: TABLE; Schema: public; Owner: postgres
--

CREATE TABLE public."Identification" (
    id integer NOT NULL,
    "idEntity" text NOT NULL,
    value text NOT NULL,
    type public."IdentificationType" NOT NULL
);


ALTER TABLE public."Identification" OWNER TO postgres;

--
-- TOC entry 222 (class 1259 OID 41630)
-- Name: Identification_id_seq; Type: SEQUENCE; Schema: public; Owner: postgres
--

CREATE SEQUENCE public."Identification_id_seq"
    AS integer
    START WITH 1
    INCREMENT BY 1
    NO MINVALUE
    NO MAXVALUE
    CACHE 1;


ALTER SEQUENCE public."Identification_id_seq" OWNER TO postgres;

--
-- TOC entry 5012 (class 0 OID 0)
-- Dependencies: 222
-- Name: Identification_id_seq; Type: SEQUENCE OWNED BY; Schema: public; Owner: postgres
--

ALTER SEQUENCE public."Identification_id_seq" OWNED BY public."Identification".id;


--
-- TOC entry 240 (class 1259 OID 41705)
-- Name: Languages; Type: TABLE; Schema: public; Owner: postgres
--

CREATE TABLE public."Languages" (
    id integer NOT NULL,
    "idOrgDetail" integer NOT NULL,
    description character varying(40) NOT NULL
);


ALTER TABLE public."Languages" OWNER TO postgres;

--
-- TOC entry 239 (class 1259 OID 41704)
-- Name: Languages_id_seq; Type: SEQUENCE; Schema: public; Owner: postgres
--

CREATE SEQUENCE public."Languages_id_seq"
    AS integer
    START WITH 1
    INCREMENT BY 1
    NO MINVALUE
    NO MAXVALUE
    CACHE 1;


ALTER SEQUENCE public."Languages_id_seq" OWNER TO postgres;

--
-- TOC entry 5013 (class 0 OID 0)
-- Dependencies: 239
-- Name: Languages_id_seq; Type: SEQUENCE OWNED BY; Schema: public; Owner: postgres
--

ALTER SEQUENCE public."Languages_id_seq" OWNED BY public."Languages".id;


--
-- TOC entry 220 (class 1259 OID 41617)
-- Name: Membership; Type: TABLE; Schema: public; Owner: postgres
--

CREATE TABLE public."Membership" (
    id integer NOT NULL,
    type public."MembershipType" NOT NULL
);


ALTER TABLE public."Membership" OWNER TO postgres;

--
-- TOC entry 219 (class 1259 OID 41616)
-- Name: Membership_id_seq; Type: SEQUENCE; Schema: public; Owner: postgres
--

CREATE SEQUENCE public."Membership_id_seq"
    AS integer
    START WITH 1
    INCREMENT BY 1
    NO MINVALUE
    NO MAXVALUE
    CACHE 1;


ALTER SEQUENCE public."Membership_id_seq" OWNER TO postgres;

--
-- TOC entry 5014 (class 0 OID 0)
-- Dependencies: 219
-- Name: Membership_id_seq; Type: SEQUENCE OWNED BY; Schema: public; Owner: postgres
--

ALTER SEQUENCE public."Membership_id_seq" OWNED BY public."Membership".id;


--
-- TOC entry 232 (class 1259 OID 41675)
-- Name: OrgDetail; Type: TABLE; Schema: public; Owner: postgres
--

CREATE TABLE public."OrgDetail" (
    id integer NOT NULL,
    "idUser" text NOT NULL,
    "numBenefited" integer NOT NULL,
    "establishmentCapacity" integer NOT NULL,
    "refrigeratorCapacity" integer NOT NULL
);


ALTER TABLE public."OrgDetail" OWNER TO postgres;

--
-- TOC entry 231 (class 1259 OID 41674)
-- Name: OrgDetail_id_seq; Type: SEQUENCE; Schema: public; Owner: postgres
--

CREATE SEQUENCE public."OrgDetail_id_seq"
    AS integer
    START WITH 1
    INCREMENT BY 1
    NO MINVALUE
    NO MAXVALUE
    CACHE 1;


ALTER SEQUENCE public."OrgDetail_id_seq" OWNER TO postgres;

--
-- TOC entry 5015 (class 0 OID 0)
-- Dependencies: 231
-- Name: OrgDetail_id_seq; Type: SEQUENCE OWNED BY; Schema: public; Owner: postgres
--

ALTER SEQUENCE public."OrgDetail_id_seq" OWNED BY public."OrgDetail".id;


--
-- TOC entry 218 (class 1259 OID 41610)
-- Name: Rol; Type: TABLE; Schema: public; Owner: postgres
--

CREATE TABLE public."Rol" (
    id integer NOT NULL,
    type public."RolType" NOT NULL
);


ALTER TABLE public."Rol" OWNER TO postgres;

--
-- TOC entry 217 (class 1259 OID 41609)
-- Name: Rol_id_seq; Type: SEQUENCE; Schema: public; Owner: postgres
--

CREATE SEQUENCE public."Rol_id_seq"
    AS integer
    START WITH 1
    INCREMENT BY 1
    NO MINVALUE
    NO MAXVALUE
    CACHE 1;


ALTER SEQUENCE public."Rol_id_seq" OWNER TO postgres;

--
-- TOC entry 5016 (class 0 OID 0)
-- Dependencies: 217
-- Name: Rol_id_seq; Type: SEQUENCE OWNED BY; Schema: public; Owner: postgres
--

ALTER SEQUENCE public."Rol_id_seq" OWNED BY public."Rol".id;


--
-- TOC entry 224 (class 1259 OID 41639)
-- Name: Users; Type: TABLE; Schema: public; Owner: postgres
--

CREATE TABLE public."Users" (
    id text NOT NULL,
    "idMembership" integer NOT NULL,
    "idEntity" text NOT NULL,
    username character varying(50) NOT NULL,
    password character varying(50) NOT NULL,
    "urlAvatar" text NOT NULL,
    email character varying(50),
    website character varying(100),
    "registerDate" timestamp(6) without time zone NOT NULL,
    "updatedDate" timestamp(3) without time zone NOT NULL,
    status public."UserStatus" DEFAULT 'ACTIVE'::public."UserStatus" NOT NULL
);


ALTER TABLE public."Users" OWNER TO postgres;

--
-- TOC entry 216 (class 1259 OID 41565)
-- Name: _prisma_migrations; Type: TABLE; Schema: public; Owner: postgres
--

CREATE TABLE public._prisma_migrations (
    id character varying(36) NOT NULL,
    checksum character varying(64) NOT NULL,
    finished_at timestamp with time zone,
    migration_name character varying(255) NOT NULL,
    logs text,
    rolled_back_at timestamp with time zone,
    started_at timestamp with time zone DEFAULT now() NOT NULL,
    applied_steps_count integer DEFAULT 0 NOT NULL
);


ALTER TABLE public._prisma_migrations OWNER TO postgres;

--
-- TOC entry 4774 (class 2604 OID 41669)
-- Name: Address id; Type: DEFAULT; Schema: public; Owner: postgres
--

ALTER TABLE ONLY public."Address" ALTER COLUMN id SET DEFAULT nextval('public."Address_id_seq"'::regclass);


--
-- TOC entry 4777 (class 2604 OID 41694)
-- Name: AlimentationType id; Type: DEFAULT; Schema: public; Owner: postgres
--

ALTER TABLE ONLY public."AlimentationType" ALTER COLUMN id SET DEFAULT nextval('public."AlimentationType_id_seq"'::regclass);


--
-- TOC entry 4776 (class 2604 OID 41687)
-- Name: Availability id; Type: DEFAULT; Schema: public; Owner: postgres
--

ALTER TABLE ONLY public."Availability" ALTER COLUMN id SET DEFAULT nextval('public."Availability_id_seq"'::regclass);


--
-- TOC entry 4772 (class 2604 OID 41651)
-- Name: CompanieDetails id; Type: DEFAULT; Schema: public; Owner: postgres
--

ALTER TABLE ONLY public."CompanieDetails" ALTER COLUMN id SET DEFAULT nextval('public."CompanieDetails_id_seq"'::regclass);


--
-- TOC entry 4773 (class 2604 OID 41660)
-- Name: Contacts id; Type: DEFAULT; Schema: public; Owner: postgres
--

ALTER TABLE ONLY public."Contacts" ALTER COLUMN id SET DEFAULT nextval('public."Contacts_id_seq"'::regclass);


--
-- TOC entry 4778 (class 2604 OID 41701)
-- Name: FoodRestriction id; Type: DEFAULT; Schema: public; Owner: postgres
--

ALTER TABLE ONLY public."FoodRestriction" ALTER COLUMN id SET DEFAULT nextval('public."FoodRestriction_id_seq"'::regclass);


--
-- TOC entry 4770 (class 2604 OID 41634)
-- Name: Identification id; Type: DEFAULT; Schema: public; Owner: postgres
--

ALTER TABLE ONLY public."Identification" ALTER COLUMN id SET DEFAULT nextval('public."Identification_id_seq"'::regclass);


--
-- TOC entry 4779 (class 2604 OID 41708)
-- Name: Languages id; Type: DEFAULT; Schema: public; Owner: postgres
--

ALTER TABLE ONLY public."Languages" ALTER COLUMN id SET DEFAULT nextval('public."Languages_id_seq"'::regclass);


--
-- TOC entry 4769 (class 2604 OID 41620)
-- Name: Membership id; Type: DEFAULT; Schema: public; Owner: postgres
--

ALTER TABLE ONLY public."Membership" ALTER COLUMN id SET DEFAULT nextval('public."Membership_id_seq"'::regclass);


--
-- TOC entry 4775 (class 2604 OID 41678)
-- Name: OrgDetail id; Type: DEFAULT; Schema: public; Owner: postgres
--

ALTER TABLE ONLY public."OrgDetail" ALTER COLUMN id SET DEFAULT nextval('public."OrgDetail_id_seq"'::regclass);


--
-- TOC entry 4768 (class 2604 OID 41613)
-- Name: Rol id; Type: DEFAULT; Schema: public; Owner: postgres
--

ALTER TABLE ONLY public."Rol" ALTER COLUMN id SET DEFAULT nextval('public."Rol_id_seq"'::regclass);


--
-- TOC entry 4987 (class 0 OID 41666)
-- Dependencies: 230
-- Data for Name: Address; Type: TABLE DATA; Schema: public; Owner: postgres
--

COPY public."Address" (id, "idUser", "numBranch", "nameChain", street, city, state, country, zip, longitude, latitude) FROM stdin;
1	cm1y7v0dp0007695nq01l0qw9	\N	\N	123 Main St	Metropolis	NY	USA	12345	-0.169307	-78.476409
2	cm1y85vm10000ehelohem84h7	\N	\N	456 Main St	Cityville	Stateville	Countryland	67890	-0.168593	-78.486934
3	cm1y88hu50001eheljjp9ry78	\N	\N	789 Family St	Helperton	Supportville	Caringland	98765	-0.163197	-78.466582
4	cm1y89zvz0002ehelwkzno00a	\N	\N	789 Family St	Helperton	Supportville	Caringland	98765	-10	-7
\.


--
-- TOC entry 4993 (class 0 OID 41691)
-- Dependencies: 236
-- Data for Name: AlimentationType; Type: TABLE DATA; Schema: public; Owner: postgres
--

COPY public."AlimentationType" (id, "idOrgDetail", description) FROM stdin;
1	1	Vegetarian
2	1	Non-Vegetarian
3	2	Vegan
4	2	Non-Vegetarian
5	3	Vegan
6	3	Non-Vegetarian
\.


--
-- TOC entry 4991 (class 0 OID 41684)
-- Dependencies: 234
-- Data for Name: Availability; Type: TABLE DATA; Schema: public; Owner: postgres
--

COPY public."Availability" (id, "idOrgDetail", day, "startHour", "endHour") FROM stdin;
1	1	Monday	08:00	17:00
2	1	Wednesday	08:00	17:00
3	2	Tuesday	09:00	18:00
4	2	Thursday	09:00	18:00
5	3	Tuesday	09:00	18:00
6	3	Thursday	09:00	18:00
\.


--
-- TOC entry 4983 (class 0 OID 41648)
-- Dependencies: 226
-- Data for Name: CompanieDetails; Type: TABLE DATA; Schema: public; Owner: postgres
--

COPY public."CompanieDetails" (id, "idUser", "kgDonated") FROM stdin;
1	cm1y7v0dp0007695nq01l0qw9	0
\.


--
-- TOC entry 4985 (class 0 OID 41657)
-- Dependencies: 228
-- Data for Name: Contacts; Type: TABLE DATA; Schema: public; Owner: postgres
--

COPY public."Contacts" (id, "idUser", name, lastname, phone, email, type) FROM stdin;
1	cm1y7v0dp0007695nq01l0qw9	John	Doe	+123456789	contact@example.com	PRINCIPAL
2	cm1y7v0dp0007695nq01l0qw9	Jane	Smith	+987654321	jane.smith@example.com	SECONDARY
3	cm1y85vm10000ehelohem84h7	Jane	Doe	+1234567890	jane.doe@example.com	PRINCIPAL
4	cm1y85vm10000ehelohem84h7	John	Smith	+0987654321	john.smith@example.com	SECONDARY
5	cm1y88hu50001eheljjp9ry78	Alice	Wonder	+9876543210	alice.wonder@example.com	PRINCIPAL
6	cm1y88hu50001eheljjp9ry78	Bob	Marley	+1098765432	bob.marley@example.com	SECONDARY
7	cm1y89zvz0002ehelwkzno00a	Alice	Wonder	+9876543210	alice.wonder@example.com	PRINCIPAL
8	cm1y89zvz0002ehelwkzno00a	Bob	Marley	+1098765432	bob.marley@example.com	SECONDARY
\.


--
-- TOC entry 4978 (class 0 OID 41623)
-- Dependencies: 221
-- Data for Name: Entity; Type: TABLE DATA; Schema: public; Owner: postgres
--

COPY public."Entity" (id, "idRol", "idIdentification", name) FROM stdin;
cm1y7kd2i0001695nzn8q2k94	3	1	Empresa Ejemplo
cm1y7mxre0005695nbvgvsmvk	1	5	KFC
cm1y7o33c0006695noui9uekr	2	6	CARITAS
\.


--
-- TOC entry 4995 (class 0 OID 41698)
-- Dependencies: 238
-- Data for Name: FoodRestriction; Type: TABLE DATA; Schema: public; Owner: postgres
--

COPY public."FoodRestriction" (id, "idOrgDetail", "descriptionRes") FROM stdin;
1	1	Gluten-Free
2	1	Lactose-Free
3	2	Peanut-Free
4	2	Dairy-Free
5	3	Peanut-Free
6	3	Dairy-Free
\.


--
-- TOC entry 4980 (class 0 OID 41631)
-- Dependencies: 223
-- Data for Name: Identification; Type: TABLE DATA; Schema: public; Owner: postgres
--

COPY public."Identification" (id, "idEntity", value, type) FROM stdin;
1	entity-id-123	1234567890	RUC
5	entity-id	1234512345	RUC
6	entity	1212121212	RUC
\.


--
-- TOC entry 4997 (class 0 OID 41705)
-- Dependencies: 240
-- Data for Name: Languages; Type: TABLE DATA; Schema: public; Owner: postgres
--

COPY public."Languages" (id, "idOrgDetail", description) FROM stdin;
1	1	English
2	1	Spanish
3	2	French
4	2	Spanish
5	3	French
6	3	Spanish
\.


--
-- TOC entry 4977 (class 0 OID 41617)
-- Dependencies: 220
-- Data for Name: Membership; Type: TABLE DATA; Schema: public; Owner: postgres
--

COPY public."Membership" (id, type) FROM stdin;
1	FREE
2	BASIC
3	PREMIUM
\.


--
-- TOC entry 4989 (class 0 OID 41675)
-- Dependencies: 232
-- Data for Name: OrgDetail; Type: TABLE DATA; Schema: public; Owner: postgres
--

COPY public."OrgDetail" (id, "idUser", "numBenefited", "establishmentCapacity", "refrigeratorCapacity") FROM stdin;
1	cm1y85vm10000ehelohem84h7	500	1000	200
2	cm1y88hu50001eheljjp9ry78	300	500	150
3	cm1y89zvz0002ehelwkzno00a	300	500	150
\.


--
-- TOC entry 4975 (class 0 OID 41610)
-- Dependencies: 218
-- Data for Name: Rol; Type: TABLE DATA; Schema: public; Owner: postgres
--

COPY public."Rol" (id, type) FROM stdin;
1	COMPANY
2	ORGANIZATION
3	ADMINISTRATOR
\.


--
-- TOC entry 4981 (class 0 OID 41639)
-- Dependencies: 224
-- Data for Name: Users; Type: TABLE DATA; Schema: public; Owner: postgres
--

COPY public."Users" (id, "idMembership", "idEntity", username, password, "urlAvatar", email, website, "registerDate", "updatedDate", status) FROM stdin;
cm1y7v0dp0007695nq01l0qw9	1	cm1y7mxre0005695nbvgvsmvk	central	securepassword123		johndoe@example.com		2024-10-06 23:30:46.539	2024-10-06 23:30:46.539	ACTIVE
cm1y85vm10000ehelohem84h7	1	cm1y7o33c0006695noui9uekr	caritas cercano	password123	https://default-avatar-url.com/default.png	orguser@example.com	https://www.organizationexample.com	2024-10-06 23:39:13.574	2024-10-06 23:39:13.574	ACTIVE
cm1y88hu50001eheljjp9ry78	2	cm1y7o33c0006695noui9uekr	ayuda familiar	password456	https://default-avatar-url.com/default.png	familiahelp@example.com	https://www.familiahelp.org	2024-10-06 23:41:15.723	2024-10-06 23:41:15.723	ACTIVE
cm1y89zvz0002ehelwkzno00a	2	cm1y7o33c0006695noui9uekr	ayuda vecinar	fdsaf	https://default-avatar-url.com/default.png	famiahelp@example.com	https://www.familiaelp.org	2024-10-06 23:42:25.774	2024-10-06 23:42:25.774	ACTIVE
\.


--
-- TOC entry 4973 (class 0 OID 41565)
-- Dependencies: 216
-- Data for Name: _prisma_migrations; Type: TABLE DATA; Schema: public; Owner: postgres
--

COPY public._prisma_migrations (id, checksum, finished_at, migration_name, logs, rolled_back_at, started_at, applied_steps_count) FROM stdin;
debba82e-a35e-424b-be6e-022d9b888208	a929ab2722512a26148541e95e0468a0764c31e73c78ca832d503e09c90290a3	2024-10-06 15:05:58.407785-05	20241006200558_hola	\N	\N	2024-10-06 15:05:58.325409-05	1
\.


--
-- TOC entry 5017 (class 0 OID 0)
-- Dependencies: 229
-- Name: Address_id_seq; Type: SEQUENCE SET; Schema: public; Owner: postgres
--

SELECT pg_catalog.setval('public."Address_id_seq"', 4, true);


--
-- TOC entry 5018 (class 0 OID 0)
-- Dependencies: 235
-- Name: AlimentationType_id_seq; Type: SEQUENCE SET; Schema: public; Owner: postgres
--

SELECT pg_catalog.setval('public."AlimentationType_id_seq"', 6, true);


--
-- TOC entry 5019 (class 0 OID 0)
-- Dependencies: 233
-- Name: Availability_id_seq; Type: SEQUENCE SET; Schema: public; Owner: postgres
--

SELECT pg_catalog.setval('public."Availability_id_seq"', 6, true);


--
-- TOC entry 5020 (class 0 OID 0)
-- Dependencies: 225
-- Name: CompanieDetails_id_seq; Type: SEQUENCE SET; Schema: public; Owner: postgres
--

SELECT pg_catalog.setval('public."CompanieDetails_id_seq"', 1, true);


--
-- TOC entry 5021 (class 0 OID 0)
-- Dependencies: 227
-- Name: Contacts_id_seq; Type: SEQUENCE SET; Schema: public; Owner: postgres
--

SELECT pg_catalog.setval('public."Contacts_id_seq"', 8, true);


--
-- TOC entry 5022 (class 0 OID 0)
-- Dependencies: 237
-- Name: FoodRestriction_id_seq; Type: SEQUENCE SET; Schema: public; Owner: postgres
--

SELECT pg_catalog.setval('public."FoodRestriction_id_seq"', 6, true);


--
-- TOC entry 5023 (class 0 OID 0)
-- Dependencies: 222
-- Name: Identification_id_seq; Type: SEQUENCE SET; Schema: public; Owner: postgres
--

SELECT pg_catalog.setval('public."Identification_id_seq"', 6, true);


--
-- TOC entry 5024 (class 0 OID 0)
-- Dependencies: 239
-- Name: Languages_id_seq; Type: SEQUENCE SET; Schema: public; Owner: postgres
--

SELECT pg_catalog.setval('public."Languages_id_seq"', 6, true);


--
-- TOC entry 5025 (class 0 OID 0)
-- Dependencies: 219
-- Name: Membership_id_seq; Type: SEQUENCE SET; Schema: public; Owner: postgres
--

SELECT pg_catalog.setval('public."Membership_id_seq"', 1, false);


--
-- TOC entry 5026 (class 0 OID 0)
-- Dependencies: 231
-- Name: OrgDetail_id_seq; Type: SEQUENCE SET; Schema: public; Owner: postgres
--

SELECT pg_catalog.setval('public."OrgDetail_id_seq"', 3, true);


--
-- TOC entry 5027 (class 0 OID 0)
-- Dependencies: 217
-- Name: Rol_id_seq; Type: SEQUENCE SET; Schema: public; Owner: postgres
--

SELECT pg_catalog.setval('public."Rol_id_seq"', 1, false);


--
-- TOC entry 4806 (class 2606 OID 41673)
-- Name: Address Address_pkey; Type: CONSTRAINT; Schema: public; Owner: postgres
--

ALTER TABLE ONLY public."Address"
    ADD CONSTRAINT "Address_pkey" PRIMARY KEY (id);


--
-- TOC entry 4813 (class 2606 OID 41696)
-- Name: AlimentationType AlimentationType_pkey; Type: CONSTRAINT; Schema: public; Owner: postgres
--

ALTER TABLE ONLY public."AlimentationType"
    ADD CONSTRAINT "AlimentationType_pkey" PRIMARY KEY (id);


--
-- TOC entry 4811 (class 2606 OID 41689)
-- Name: Availability Availability_pkey; Type: CONSTRAINT; Schema: public; Owner: postgres
--

ALTER TABLE ONLY public."Availability"
    ADD CONSTRAINT "Availability_pkey" PRIMARY KEY (id);


--
-- TOC entry 4801 (class 2606 OID 41655)
-- Name: CompanieDetails CompanieDetails_pkey; Type: CONSTRAINT; Schema: public; Owner: postgres
--

ALTER TABLE ONLY public."CompanieDetails"
    ADD CONSTRAINT "CompanieDetails_pkey" PRIMARY KEY (id);


--
-- TOC entry 4803 (class 2606 OID 41664)
-- Name: Contacts Contacts_pkey; Type: CONSTRAINT; Schema: public; Owner: postgres
--

ALTER TABLE ONLY public."Contacts"
    ADD CONSTRAINT "Contacts_pkey" PRIMARY KEY (id);


--
-- TOC entry 4790 (class 2606 OID 41629)
-- Name: Entity Entity_pkey; Type: CONSTRAINT; Schema: public; Owner: postgres
--

ALTER TABLE ONLY public."Entity"
    ADD CONSTRAINT "Entity_pkey" PRIMARY KEY (id);


--
-- TOC entry 4815 (class 2606 OID 41703)
-- Name: FoodRestriction FoodRestriction_pkey; Type: CONSTRAINT; Schema: public; Owner: postgres
--

ALTER TABLE ONLY public."FoodRestriction"
    ADD CONSTRAINT "FoodRestriction_pkey" PRIMARY KEY (id);


--
-- TOC entry 4793 (class 2606 OID 41638)
-- Name: Identification Identification_pkey; Type: CONSTRAINT; Schema: public; Owner: postgres
--

ALTER TABLE ONLY public."Identification"
    ADD CONSTRAINT "Identification_pkey" PRIMARY KEY (id);


--
-- TOC entry 4817 (class 2606 OID 41710)
-- Name: Languages Languages_pkey; Type: CONSTRAINT; Schema: public; Owner: postgres
--

ALTER TABLE ONLY public."Languages"
    ADD CONSTRAINT "Languages_pkey" PRIMARY KEY (id);


--
-- TOC entry 4786 (class 2606 OID 41622)
-- Name: Membership Membership_pkey; Type: CONSTRAINT; Schema: public; Owner: postgres
--

ALTER TABLE ONLY public."Membership"
    ADD CONSTRAINT "Membership_pkey" PRIMARY KEY (id);


--
-- TOC entry 4809 (class 2606 OID 41682)
-- Name: OrgDetail OrgDetail_pkey; Type: CONSTRAINT; Schema: public; Owner: postgres
--

ALTER TABLE ONLY public."OrgDetail"
    ADD CONSTRAINT "OrgDetail_pkey" PRIMARY KEY (id);


--
-- TOC entry 4783 (class 2606 OID 41615)
-- Name: Rol Rol_pkey; Type: CONSTRAINT; Schema: public; Owner: postgres
--

ALTER TABLE ONLY public."Rol"
    ADD CONSTRAINT "Rol_pkey" PRIMARY KEY (id);


--
-- TOC entry 4797 (class 2606 OID 41646)
-- Name: Users Users_pkey; Type: CONSTRAINT; Schema: public; Owner: postgres
--

ALTER TABLE ONLY public."Users"
    ADD CONSTRAINT "Users_pkey" PRIMARY KEY (id);


--
-- TOC entry 4781 (class 2606 OID 41573)
-- Name: _prisma_migrations _prisma_migrations_pkey; Type: CONSTRAINT; Schema: public; Owner: postgres
--

ALTER TABLE ONLY public._prisma_migrations
    ADD CONSTRAINT _prisma_migrations_pkey PRIMARY KEY (id);


--
-- TOC entry 4804 (class 1259 OID 41719)
-- Name: Address_idUser_key; Type: INDEX; Schema: public; Owner: postgres
--

CREATE UNIQUE INDEX "Address_idUser_key" ON public."Address" USING btree ("idUser");


--
-- TOC entry 4799 (class 1259 OID 41718)
-- Name: CompanieDetails_idUser_key; Type: INDEX; Schema: public; Owner: postgres
--

CREATE UNIQUE INDEX "CompanieDetails_idUser_key" ON public."CompanieDetails" USING btree ("idUser");


--
-- TOC entry 4788 (class 1259 OID 41713)
-- Name: Entity_idIdentification_key; Type: INDEX; Schema: public; Owner: postgres
--

CREATE UNIQUE INDEX "Entity_idIdentification_key" ON public."Entity" USING btree ("idIdentification");


--
-- TOC entry 4791 (class 1259 OID 41714)
-- Name: Identification_idEntity_key; Type: INDEX; Schema: public; Owner: postgres
--

CREATE UNIQUE INDEX "Identification_idEntity_key" ON public."Identification" USING btree ("idEntity");


--
-- TOC entry 4794 (class 1259 OID 41715)
-- Name: Identification_value_key; Type: INDEX; Schema: public; Owner: postgres
--

CREATE UNIQUE INDEX "Identification_value_key" ON public."Identification" USING btree (value);


--
-- TOC entry 4787 (class 1259 OID 41712)
-- Name: Membership_type_key; Type: INDEX; Schema: public; Owner: postgres
--

CREATE UNIQUE INDEX "Membership_type_key" ON public."Membership" USING btree (type);


--
-- TOC entry 4807 (class 1259 OID 41720)
-- Name: OrgDetail_idUser_key; Type: INDEX; Schema: public; Owner: postgres
--

CREATE UNIQUE INDEX "OrgDetail_idUser_key" ON public."OrgDetail" USING btree ("idUser");


--
-- TOC entry 4784 (class 1259 OID 41711)
-- Name: Rol_type_key; Type: INDEX; Schema: public; Owner: postgres
--

CREATE UNIQUE INDEX "Rol_type_key" ON public."Rol" USING btree (type);


--
-- TOC entry 4795 (class 1259 OID 41717)
-- Name: Users_email_key; Type: INDEX; Schema: public; Owner: postgres
--

CREATE UNIQUE INDEX "Users_email_key" ON public."Users" USING btree (email);


--
-- TOC entry 4798 (class 1259 OID 41716)
-- Name: Users_username_key; Type: INDEX; Schema: public; Owner: postgres
--

CREATE UNIQUE INDEX "Users_username_key" ON public."Users" USING btree (username);


--
-- TOC entry 4824 (class 2606 OID 41751)
-- Name: Address Address_idUser_fkey; Type: FK CONSTRAINT; Schema: public; Owner: postgres
--

ALTER TABLE ONLY public."Address"
    ADD CONSTRAINT "Address_idUser_fkey" FOREIGN KEY ("idUser") REFERENCES public."Users"(id) ON UPDATE CASCADE ON DELETE RESTRICT;


--
-- TOC entry 4827 (class 2606 OID 41766)
-- Name: AlimentationType AlimentationType_idOrgDetail_fkey; Type: FK CONSTRAINT; Schema: public; Owner: postgres
--

ALTER TABLE ONLY public."AlimentationType"
    ADD CONSTRAINT "AlimentationType_idOrgDetail_fkey" FOREIGN KEY ("idOrgDetail") REFERENCES public."OrgDetail"(id) ON UPDATE CASCADE ON DELETE RESTRICT;


--
-- TOC entry 4826 (class 2606 OID 41761)
-- Name: Availability Availability_idOrgDetail_fkey; Type: FK CONSTRAINT; Schema: public; Owner: postgres
--

ALTER TABLE ONLY public."Availability"
    ADD CONSTRAINT "Availability_idOrgDetail_fkey" FOREIGN KEY ("idOrgDetail") REFERENCES public."OrgDetail"(id) ON UPDATE CASCADE ON DELETE RESTRICT;


--
-- TOC entry 4822 (class 2606 OID 41741)
-- Name: CompanieDetails CompanieDetails_idUser_fkey; Type: FK CONSTRAINT; Schema: public; Owner: postgres
--

ALTER TABLE ONLY public."CompanieDetails"
    ADD CONSTRAINT "CompanieDetails_idUser_fkey" FOREIGN KEY ("idUser") REFERENCES public."Users"(id) ON UPDATE CASCADE ON DELETE RESTRICT;


--
-- TOC entry 4823 (class 2606 OID 41746)
-- Name: Contacts Contacts_idUser_fkey; Type: FK CONSTRAINT; Schema: public; Owner: postgres
--

ALTER TABLE ONLY public."Contacts"
    ADD CONSTRAINT "Contacts_idUser_fkey" FOREIGN KEY ("idUser") REFERENCES public."Users"(id) ON UPDATE CASCADE ON DELETE RESTRICT;


--
-- TOC entry 4818 (class 2606 OID 41726)
-- Name: Entity Entity_idIdentification_fkey; Type: FK CONSTRAINT; Schema: public; Owner: postgres
--

ALTER TABLE ONLY public."Entity"
    ADD CONSTRAINT "Entity_idIdentification_fkey" FOREIGN KEY ("idIdentification") REFERENCES public."Identification"(id) ON UPDATE CASCADE ON DELETE RESTRICT;


--
-- TOC entry 4819 (class 2606 OID 41721)
-- Name: Entity Entity_idRol_fkey; Type: FK CONSTRAINT; Schema: public; Owner: postgres
--

ALTER TABLE ONLY public."Entity"
    ADD CONSTRAINT "Entity_idRol_fkey" FOREIGN KEY ("idRol") REFERENCES public."Rol"(id) ON UPDATE CASCADE ON DELETE RESTRICT;


--
-- TOC entry 4828 (class 2606 OID 41771)
-- Name: FoodRestriction FoodRestriction_idOrgDetail_fkey; Type: FK CONSTRAINT; Schema: public; Owner: postgres
--

ALTER TABLE ONLY public."FoodRestriction"
    ADD CONSTRAINT "FoodRestriction_idOrgDetail_fkey" FOREIGN KEY ("idOrgDetail") REFERENCES public."OrgDetail"(id) ON UPDATE CASCADE ON DELETE RESTRICT;


--
-- TOC entry 4829 (class 2606 OID 41776)
-- Name: Languages Languages_idOrgDetail_fkey; Type: FK CONSTRAINT; Schema: public; Owner: postgres
--

ALTER TABLE ONLY public."Languages"
    ADD CONSTRAINT "Languages_idOrgDetail_fkey" FOREIGN KEY ("idOrgDetail") REFERENCES public."OrgDetail"(id) ON UPDATE CASCADE ON DELETE RESTRICT;


--
-- TOC entry 4825 (class 2606 OID 41756)
-- Name: OrgDetail OrgDetail_idUser_fkey; Type: FK CONSTRAINT; Schema: public; Owner: postgres
--

ALTER TABLE ONLY public."OrgDetail"
    ADD CONSTRAINT "OrgDetail_idUser_fkey" FOREIGN KEY ("idUser") REFERENCES public."Users"(id) ON UPDATE CASCADE ON DELETE RESTRICT;


--
-- TOC entry 4820 (class 2606 OID 41736)
-- Name: Users Users_idEntity_fkey; Type: FK CONSTRAINT; Schema: public; Owner: postgres
--

ALTER TABLE ONLY public."Users"
    ADD CONSTRAINT "Users_idEntity_fkey" FOREIGN KEY ("idEntity") REFERENCES public."Entity"(id) ON UPDATE CASCADE ON DELETE RESTRICT;


--
-- TOC entry 4821 (class 2606 OID 41731)
-- Name: Users Users_idMembership_fkey; Type: FK CONSTRAINT; Schema: public; Owner: postgres
--

ALTER TABLE ONLY public."Users"
    ADD CONSTRAINT "Users_idMembership_fkey" FOREIGN KEY ("idMembership") REFERENCES public."Membership"(id) ON UPDATE CASCADE ON DELETE RESTRICT;


--
-- TOC entry 5004 (class 0 OID 0)
-- Dependencies: 6
-- Name: SCHEMA public; Type: ACL; Schema: -; Owner: postgres
--

REVOKE USAGE ON SCHEMA public FROM PUBLIC;


-- Completed on 2024-12-09 11:33:43

--
-- PostgreSQL database dump complete
--

-- Completed on 2024-12-09 11:33:43

--
-- PostgreSQL database cluster dump complete
--

